,Time,Latitude,Longitude,Depth,Magnitude,Date
,09:43:23,29.06,77.42,5,2.5,31-07-2021
,23:04:57,19.93,72.92,5,2.4,30-07-2021
,21:31:10,31.5,74.37,33,3.4,30-07-2021
,13:56:31,28.34,76.23,5,3.1,30-07-2021
,07:19:38,27.09,89.97,10,2.1,30-07-2021
,04:39:14,38.52,73.27,115,5.2,30-07-2021
,03:33:16,27.9,94.2,10,3,30-07-2021
,18:47:30,26.6,92.51,28,3.1,29-07-2021
,14:09:29,22.88,95.95,10,5.5,29-07-2021
,16:11:30,37.96,72.39,160,4.3,27-07-2021
,05:54:26,32.29,76.65,10,2.6,27-07-2021
,16:38:34,38.1,75.45,10,4.4,26-07-2021
,14:19:17,36.78,73.49,19,4.2,26-07-2021
,10:33:31,24.6,94.33,50,4.9,26-07-2021
,05:00:53,16,78.22,10,4,26-07-2021
,20:39:22,27.29,88.5,10,4,25-07-2021
,04:41:22,37.37,71.85,100,4.2,25-07-2021
,09:55:40,28.97,77.2,18,2.4,24-07-2021
,01:42:50,36.57,70.78,250,4.5,24-07-2021
,01:28:41,30.74,78.68,10,3.4,24-07-2021
,21:31:58,27.56,91.13,10,3.2,23-07-2021
,18:42:01,27.35,86.86,10,3.5,23-07-2021
,11:46:58,25.94,92.56,5,2.9,23-07-2021
,16:28:47,24.84,94.15,40,3.5,22-07-2021
,07:42:15,29.65,69.5,15,4.8,22-07-2021
,12:45:04,27.32,88.86,10,2.8,21-07-2021
,10:12:30,36.88,71.61,23,3.6,21-07-2021
,05:24:29,29.19,70.05,110,5.3,21-07-2021
,04:57:46,34.2,77.78,200,3.6,21-07-2021
,02:10:49,25.88,90.34,10,4.1,21-07-2021
,02:06:28,29.01,76.91,5,2.1,21-07-2021
,01:18:07,29.01,76.91,5,2.3,21-07-2021
,23:19:21,29.28,69.05,250,4.5,20-07-2021
,21:03:34,20.02,72.92,5,3.4,19-07-2021
,18:46:58,27.4,88.62,10,3.2,19-07-2021
,20:44:34,28.84,81.22,23,3.8,18-07-2021
,12:43:39,23.39,70.39,10,3.9,18-07-2021
,10:08:58,34.13,77.8,20,3.7,18-07-2021
,04:48:28,32.43,76.48,10,2.6,18-07-2021
,02:59:02,28.75,76.6,10,2.2,18-07-2021
,02:55:14,28.69,76.71,10,2.8,18-07-2021
,23:32:28,31.58,78.19,5,3.1,16-07-2021
,09:54:15,37.23,71.25,146,3.6,16-07-2021
,08:39:11,26.48,92.44,10,3.4,16-07-2021
,00:51:46,22.48,94.42,10,3.1,16-07-2021
,19:47:26,31.19,77.92,10,3.6,15-07-2021
,07:23:18,17.47,73.26,5,3.5,15-07-2021
,05:48:34,36.66,71.64,10,4,15-07-2021
,02:04:40,23.46,94.61,19,4.4,15-07-2021
,01:40:51,22.45,94.19,10,3.8,15-07-2021
,00:03:08,36.52,71.14,10,3.5,15-07-2021
,23:33:26,28.89,89,10,3.4,14-07-2021
,19:55:09,25.99,90.4,8,3.4,14-07-2021
,13:47:49,36.52,71.31,70,3.9,14-07-2021
,11:17:27,36.56,71.43,20,3.9,14-07-2021
,02:40:33,36.47,70.72,165,4.6,14-07-2021
,22:40:28,29.12,77.4,5,2.4,13-07-2021
,01:44:59,14.5,93.14,10,4.2,13-07-2021
,04:49:18,38.44,71.59,10,3.1,12-07-2021
,12:19:09,39.11,69.57,130,3.8,11-07-2021
,08:42:04,19.7,77.28,10,3,11-07-2021
,08:33:17,19.73,77.77,10,4.4,11-07-2021
,07:04:49,38.81,70.34,10,4.2,11-07-2021
,11:36:10,39.14,70.94,160,4.3,10-07-2021
,11:18:08,39.04,70.68,160,4.7,10-07-2021
,08:11:14,2.25,97.29,40,5.5,10-07-2021
,07:44:46,38.91,70.73,37,5.9,10-07-2021
,07:31:12,26.62,92.45,17,3.1,10-07-2021
,13:16:25,25.99,90.27,5,4.3,09-07-2021
,07:08:35,37.05,72,90,4.6,09-07-2021
,05:56:27,24.7,94.99,90,4.5,09-07-2021
,18:53:26,34.83,97.83,10,4.8,08-07-2021
,17:02:43,26.34,92.79,15,2.9,08-07-2021
,13:50:55,36.51,71.26,167,5.1,08-07-2021
,04:22:13,37.4,73.03,10,4.1,08-07-2021
,15:32:07,31.66,96.56,10,3.9,07-07-2021
,13:56:42,25.97,90.42,10,3.7,07-07-2021
,12:57:13,34.68,98.42,22,4.5,07-07-2021
,08:45:25,26.15,90.28,14,5.2,07-07-2021
,23:46:17,37.78,74.16,10,4.3,06-07-2021
,19:47:58,37.3,72.52,10,4.1,06-07-2021
,15:10:49,37.5,69.18,46,3.9,06-07-2021
,22:36:54,28.7,76.65,5,3.7,05-07-2021
,20:20:59,24.67,94.14,20,2.8,05-07-2021
,16:36:17,22.46,93.64,10,3.5,05-07-2021
,09:04:09,27.25,89.38,14,2.9,05-07-2021
,03:18:37,32.89,98.86,120,4.6,05-07-2021
,23:46:23,39.17,71.78,50,4.1,04-07-2021
,22:27:15,26.22,96.31,45,3.8,04-07-2021
,19:00:52,24.81,93.9,30,3.3,04-07-2021
,23:02:19,36.55,70.86,168,3.9,03-07-2021
,07:07:43,20.05,72.94,5,3.6,01-07-2021
,21:35:36,20.01,72.83,5,3.1,30-06-2021
,21:02:17,26.52,92.52,65,2.7,30-06-2021
,18:37:25,27.4,89.54,50,3.1,29-06-2021
,12:18:05,30.084,80.26,10,3.7,28-06-2021
,06:10:35,34.49,78.43,18,4.6,28-06-2021
,01:26:59,39.32,75.05,10,3.8,26-06-2021
,00:36:34,25.48,93.79,10,2.3,26-06-2021
,09:26:35,37.12,72.11,30,3.9,25-06-2021
,06:41:19,36.6,71.27,16,3.8,25-06-2021
,04:34:44,34.87,69.15,10,5.3,25-06-2021
,11:57:00,20.01,72.95,5,3.7,24-06-2021
,10:28:58,35.81,70.93,131,4.5,24-06-2021
,02:19:42,39.81,77.07,10,3.9,24-06-2021
,06:39:14,33.38,71.51,100,4.5,23-06-2021
,22:14:35,28.13,92.09,70,4.6,22-06-2021
,15:37:03,28.28,87.82,10,4,21-06-2021
,12:57:41,26.53,92.67,15,2.8,21-06-2021
,06:56:04,1.6,92.23,10,4.9,21-06-2021
,06:09:41,27,93.43,10,3,21-06-2021
,12:02:01,28.67,77.14,7,2.1,20-06-2021
,05:41:49,31.29,78.46,15,3.1,20-06-2021
,01:31:43,29.55,84.31,15,4.3,20-06-2021
,01:22:50,25.28,94.3,30,3.6,20-06-2021
,01:02:07,28.89,94.79,17,3.1,20-06-2021
,19:29:15,31.9,69.92,10,4.8,19-06-2021
,01:07:32,26.72,92.4,30,4.2,19-06-2021
,15:45:42,23.42,70.32,20,4,18-06-2021
,12:42:51,26.73,92.4,10,2.8,18-06-2021
,04:20:21,25.67,91.29,10,2.6,18-06-2021
,02:04:40,26.73,92.44,22,4.1,18-06-2021
,01:06:08,24.3,94.1,10,3,18-06-2021
,19:49:40,34.73,73.26,20,4.8,17-06-2021
,16:44:44,7.29,84.63,50,4.8,17-06-2021
,14:18:59,38.02,93.53,10,5.4,16-06-2021
,08:01:58,36.07,65.46,10,4.1,16-06-2021
,03:22:18,34.29,70.27,30,4.4,16-06-2021
,02:24:45,23.83,94,15,2.7,16-06-2021
,22:53:57,26.59,92.19,10,3,15-06-2021
,20:16:07,26.65,97,10,4.4,15-06-2021
,15:43:42,31.68,75.56,36,2.9,15-06-2021
,18:35:46,37.75,73.21,10,4,14-06-2021
,01:15:54,37.22,72.47,50,3.9,14-06-2021
,22:47:35,26.52,92.28,10,2.8,13-06-2021
,12:58:08,36.39,71.3,110,4,13-06-2021
,03:08:25,17.69,95.69,10,3.9,13-06-2021
,00:01:27,20.81,84.99,5,3.5,13-06-2021
,15:30:51,24.85,97.85,19,4.9,12-06-2021
,07:14:43,36.48,70.78,30,4.3,12-06-2021
,04:53:12,27.07,92.52,10,3.6,11-06-2021
,17:06:01,31.96,72.89,10,4.1,09-06-2021
,18:58:38,36.26,71.83,120,4.3,08-06-2021
,18:56:48,34.4,81.6,10,3.9,08-06-2021
,21:26:45,37.04,72.66,20,4.1,06-06-2021
,06:21:52,32.99,75.82,5,2.5,06-06-2021
,00:07:15,24.48,94.48,47,2.6,06-06-2021
,14:04:49,37.47,72.6,10,3.7,05-06-2021
,00:47:17,25.29,94.68,10,3.1,05-06-2021
,18:58:16,31.7,68.72,10,4.1,04-06-2021
,15:02:13,24.97,94.96,80,3.6,04-06-2021
,23:04:00,32.41,76.51,10,2.9,03-06-2021
,11:25:23,34.68,97.8,63,4.8,03-06-2021
,08:16:27,24.27,94.28,10,3.5,03-06-2021
,02:17:44,36.9,67.75,150,4.1,03-06-2021
,01:20:19,37.74,68.24,120,3.8,03-06-2021
,01:15:38,10.6,91.52,10,4.2,03-06-2021
,23:26:59,36.39,68.39,10,4.3,02-06-2021
,16:33:27,26.41,90.15,5,2.8,02-06-2021
,15:10:29,36.93,68.11,10,4.4,02-06-2021
,15:01:41,36.84,68.4,10,4.3,02-06-2021
,09:38:25,26.55,96.05,10,3.6,02-06-2021
,23:48:30,26.77,92.42,10,3.5,01-06-2021
,16:05:30,36.67,71.5,135,4.2,01-06-2021
,15:47:03,33.12,75.87,5,3.1,01-06-2021
,06:56:31,37.16,71.79,46,4.3,01-06-2021
,01:19:34,23.21,94.64,80,4.7,01-06-2021
,21:54:04,28.72,77.13,8,2.4,31-05-2021
,09:50:50,26.69,92.35,24,3.8,31-05-2021
,02:00:36,24.65,94.77,24,3.4,31-05-2021
,15:26:55,36.35,70.27,59,4.1,30-05-2021
,14:23:06,26.69,92.39,16,4.1,30-05-2021
,12:25:17,34.55,98.29,12,4.7,30-05-2021
,10:20:15,34.61,98.07,10,4.7,30-05-2021
,19:08:16,24.51,94.69,16,3.9,29-05-2021
,13:30:11,24.79,91.61,3.4,3.4,29-05-2021
,10:06:50,25.09,92.17,15,3,29-05-2021
,07:11:55,38.1,74.14,150,4.5,29-05-2021
,01:29:04,25.57,91.78,10,3.5,29-05-2021
,22:21:22,22.53,94.62,90,4.4,28-05-2021
,12:53:25,37.15,69.31,30,5.3,28-05-2021
,09:28:05,27.76,66.39,10,4.6,28-05-2021
,04:14:36,37.82,72.34,10,3.6,28-05-2021
,03:16:53,36.07,70.89,170,3.7,28-05-2021
,01:32:26,38.84,74.71,10,2.8,28-05-2021
,23:59:05,25.04,93.52,12,2.7,27-05-2021
,20:34:07,26.54,99.5,10,4,27-05-2021
,18:36:09,34.55,99.06,30,4.8,27-05-2021
,14:24:47,30.66,67.02,100,4.4,27-05-2021
,06:08:38,30.76,65.94,117,4.4,27-05-2021
,13:11:23,26.85,88.72,5,3.8,26-05-2021
,12:24:40,29.33,87,10,3.6,26-05-2021
,12:13:31,29.54,86.43,10,3.9,26-05-2021
,02:16:12,28.99,86.46,150,4.5,26-05-2021
,00:53:08,23.55,94.58,90,4.3,26-05-2021
,00:20:35,25.36,94.11,30,2.6,26-05-2021
,04:30:23,34.9,97.83,10,4.5,25-05-2021
,20:35:23,4.24,95.16,52,4.6,24-05-2021
,19:45:41,33.93,97.17,81,4.3,24-05-2021
,00:31:45,30.94,79.44,22,4.3,24-05-2021
,13:06:16,37.31,70.51,14,3.3,23-05-2021
,09:16:53,17.36,73.84,5,3.3,23-05-2021
,07:26:53,37.31,72.32,349,4.1,23-05-2021
,06:56:42,24.79,94.94,109,4.3,23-05-2021
,00:56:15,35.27,73.57,5,3.5,23-05-2021
,21:10:00,27.73,92.58,10,2.8,22-05-2021
,17:44:52,25.59,99.08,10,4.3,22-05-2021
,15:09:38,34.77,97.39,10,4.5,22-05-2021
,13:29:03,33.15,75.92,10,3.3,22-05-2021
,12:36:33,34.1,97.8,10,4.5,22-05-2021
,09:33:40,35.47,99.56,34,4.2,22-05-2021
,08:51:19,34.78,97.96,12,4.6,22-05-2021
,08:37:47,34.57,76.64,40,3.6,22-05-2021
,08:08:49,34.53,98.43,10,5,22-05-2021
,07:59:33,35.02,97.6,10,4.7,22-05-2021
,07:18:16,25.78,99.01,10,4.1,22-05-2021
,06:08:33,19.72,95.56,16,4.1,22-05-2021
,03:29:37,34.56,98.28,10,4.7,22-05-2021
,01:34:33,34.66,98.19,10,4.5,22-05-2021
,01:19:15,34.64,97.94,10,4.5,22-05-2021
,00:33:09,34.49,98.94,10,4.8,22-05-2021
,23:34:14,34.65,98.06,10,7,21-05-2021
,23:21:00,26.26,96.94,10,2.9,21-05-2021
,23:06:20,25.77,99.16,10,4,21-05-2021
,20:54:00,26.06,98.46,30,4.3,21-05-2021
,20:01:22,25.88,99.35,10,5,21-05-2021
,19:18:41,25.67,99.96,100,5.8,21-05-2021
,11:02:32,35.29,77.98,90,4.2,21-05-2021
,15:05:20,32.83,76.13,10,3.2,20-05-2021
,13:39:21,37.06,71.61,84,4,20-05-2021
,22:24:30,28.26,84.59,10,4.4,19-05-2021
,21:08:56,28.3,84.61,10,3.9,19-05-2021
,17:55:49,26.22,91.47,30,3.2,19-05-2021
,14:49:30,34.05,70.5,180,4.5,19-05-2021
,14:34:18,33.04,75.92,5,3.2,19-05-2021
,12:06:53,28.72,77.03,5,1.9,19-05-2021
,08:11:39,28.2,84.42,10,4.9,19-05-2021
,05:28:56,28.24,84.36,10,5.3,19-05-2021
,17:33:00,26.72,92.45,19,3.8,18-05-2021
,16:23:28,37.34,76.88,10,4.2,18-05-2021
,04:24:46,15.46,93.37,34,4.1,18-05-2021
,10:07:39,30.92,91.88,165,4.2,17-05-2021
,09:41:55,36.02,71.67,175,4.3,17-05-2021
,07:07:03,37.22,72.18,115,4,17-05-2021
,03:37:18,20.68,71.02,10,3.8,17-05-2021
,20:12:19,26.06,92.6,5,2.5,16-05-2021
,01:25:29,27.21,92.34,22,2.6,16-05-2021
,08:33:55,26.74,92.39,16,3.9,15-05-2021
,05:09:53,26.28,95.26,81,4.2,15-05-2021
,01:02:35,22.85,93.75,30,3.1,15-05-2021
,22:12:03,24.99,95.03,101,4.3,14-05-2021
,15:24:05,39.57,73.03,10,4.7,14-05-2021
,12:03:09,0.14,96.75,10,6.6,14-05-2021
,06:32:21,36.49,69.45,147,4.7,14-05-2021
,14:05:31,36.77,86.62,10,4.8,13-05-2021
,09:15:00,23.519,92.614,10,3.3,13-05-2021
,02:05:16,25.93,92.84,10,2.6,13-05-2021
,20:57:45,25.59,92.43,20,2.3,12-05-2021
,19:10:44,36.79,71.58,82,3.9,12-05-2021
,00:27:38,26.73,92.36,16,3.1,12-05-2021
,21:37:09,34.51,74.16,10,3.1,10-05-2021
,13:34:23,36.45,71.06,174,4.3,10-05-2021
,07:05:52,26.49,92.46,23,3,10-05-2021
,03:49:00,32.32,76.86,5,2.4,10-05-2021
,02:01:56,27.76,92.86,10,2.4,10-05-2021
,00:11:26,26.69,92.42,23,3.7,10-05-2021
,23:58:06,26.68,92.39,18,2.9,09-05-2021
,09:03:26,22.46,92.8,28,3.7,09-05-2021
,07:23:37,37.25,71.94,108,4.4,09-05-2021
,05:19:57,36.32,71.22,25,3.6,09-05-2021
,02:54:43,33.05,75.99,5,2.7,09-05-2021
,18:50:14,25.63,91.95,13,3.1,08-05-2021
,13:57:44,17.46,74.51,10,2.7,08-05-2021
,13:54:56,17.36,73.84,10,2.5,08-05-2021
,10:26:41,29.77,80.58,9,3.2,08-05-2021
,10:26:18,31.52,68.67,113,4.5,08-05-2021
,10:24:18,25.18,93.6,154,3.8,08-05-2021
,08:09:50,32.98,76.08,10,3,08-05-2021
,01:09:55,26.32,91.44,28,2.9,08-05-2021
,22:46:41,27.25,88.68,10,3.1,07-05-2021
,19:33:18,26.75,92.42,10,2.8,07-05-2021
,16:51:17,36.45,70.99,180,4.2,07-05-2021
,14:55:27,37.22,70.02,238,4.3,07-05-2021
,13:46:46,36.26,71.31,210,4.2,07-05-2021
,13:41:06,38.48,75.04,50,4.3,07-05-2021
,10:05:41,34.89,73.62,50,3.7,07-05-2021
,06:58:23,22.96,95.07,74,3.6,07-05-2021
,06:13:10,26.33,92.34,68,2.8,07-05-2021
,00:41:36,22.41,78.95,30,3,07-05-2021
,00:19:36,27.01,92.46,17,2.9,07-05-2021
,18:30:19,36.41,71.11,156,4.2,06-05-2021
,10:30:16,26.55,92.39,10,3.6,06-05-2021
,08:31:58,25.88,92.24,10,2.9,06-05-2021
,19:22:12,26.68,92.39,27,3.5,05-05-2021
,12:49:51,25.13,94.87,50,3.9,05-05-2021
,05:48:50,27.39,92.38,10,3.2,05-05-2021
,04:01:23,8.69,94.41,85,4.3,05-05-2021
,02:19:48,23.79,93.92,10,3.2,05-05-2021
,16:58:37,36.47,71.41,120,3.9,04-05-2021
,12:38:35,28.52,86.5,165,4.1,04-05-2021
,04:14:48,23.43,94.11,93,3.9,04-05-2021
,03:27:15,38.36,75.52,136,4.3,04-05-2021
,00:43:56,37.11,74.41,10,4.8,04-05-2021
,00:09:03,26.65,92.41,25,2.8,04-05-2021
,23:16:23,31.71,91.84,10,3.7,03-05-2021
,22:05:12,26.09,90.41,33,2.5,03-05-2021
,21:55:01,26.71,92.39,17,2.8,03-05-2021
,18:13:08,26.74,92.45,10,3.7,03-05-2021
,16:11:29,25.9,95.21,53.9,3.5,03-05-2021
,02:19:40,5.804,94.887,10,4.5,03-05-2021
,01:23:39,26.43,92.24,40,2.7,03-05-2021
,00:26:32,26.87,91.94,10,2.8,03-05-2021
,23:02:37,26.82,92.43,13,2.6,02-05-2021
,16:49:19,25.06,65.36,25,4.2,02-05-2021
,03:48:51,26.71,92.4,16,2.7,02-05-2021
,20:26:58,26.73,92.37,14,2.7,01-05-2021
,20:09:46,26.72,92.39,15,3.3,01-05-2021
,12:57:58,26.09,92.31,27,2.6,01-05-2021
,02:17:33,18.86,96.95,75,4.4,01-05-2021
,01:04:27,37.03,72.34,50,3.4,01-05-2021
,22:13:27,5.64,94.44,30,4.6,30-04-2021
,19:51:07,38,69.25,50,3.9,30-04-2021
,19:44:08,30.64,76.01,10,2.9,30-04-2021
,19:10:06,24.38,94.65,34,3.6,30-04-2021
,18:27:31,26.59,92.39,27,3.2,30-04-2021
,16:49:28,26.58,92.51,40,3.5,30-04-2021
,03:29:12,24.87,93.59,10,2.6,30-04-2021
,02:34:04,23.54,94.8,10,3.6,30-04-2021
,02:30:33,27.31,89.12,5,2.1,30-04-2021
,02:18:05,34.65,73.14,10,3.6,30-04-2021
,01:59:13,37.22,71.68,27,3.5,30-04-2021
,01:36:07,36.38,71.31,150,4.4,30-04-2021
,01:08:23,26.9,92.43,10,2.8,30-04-2021
,21:02:08,28.16,71.56,51,3.6,29-04-2021
,19:14:48,26.74,92.36,10,2.8,29-04-2021
,16:17:33,26.59,92.47,26,3.3,29-04-2021
,15:37:47,8.47,77.51,5,2.3,29-04-2021
,13:04:20,26.61,92.33,27,3.6,29-04-2021
,11:27:44,36.14,71.17,75,4.1,29-04-2021
,07:13:36,26.86,93.01,30,2.8,29-04-2021
,02:38:33,26.73,92.42,11,2.7,29-04-2021
,01:52:26,26.73,92.43,16,2.7,29-04-2021
,01:41:49,26.78,92.4,11,2.3,29-04-2021
,01:20:53,26.72,92.43,19,4.6,29-04-2021
,01:10:24,26.71,92.4,19,2.9,29-04-2021
,00:24:02,26.76,92.93,18,2.6,29-04-2021
,23:07:54,16.86,75.72,5,2.6,28-04-2021
,21:38:11,26.73,92.38,15,2.8,28-04-2021
,20:13:12,29.97,67.88,10,3.9,28-04-2021
,17:39:57,26.62,92.4,19,3,28-04-2021
,17:04:04,32.14,76.61,5,2.7,28-04-2021
,15:55:48,26.77,92.36,10,2.9,28-04-2021
,14:34:52,26.83,92.5,10,3.4,28-04-2021
,12:32:06,26.36,92.38,23,2.9,28-04-2021
,10:39:12,26.62,92.46,10,3.4,28-04-2021
,10:05:54,26.39,92.52,27,3.2,28-04-2021
,08:44:34,26.59,92.46,25,3.6,28-04-2021
,08:25:40,26.54,92.45,26,3.6,28-04-2021
,08:13:21,26.69,92.41,20,4,28-04-2021
,08:03:01,26.74,92.42,15,4.7,28-04-2021
,07:51:25,26.69,92.36,17,6.4,28-04-2021
,22:32:17,36.69,71.62,165,4.1,27-04-2021
,19:10:43,28.98,76.72,10,3,27-04-2021
,12:42:04,26.81,92.73,28,2.6,27-04-2021
,10:47:13,36.31,75.67,158,4.5,27-04-2021
,10:39:11,25.43,91.9,5,3,27-04-2021
,01:35:25,37.84,73.23,150,4.8,26-04-2021
,10:18:44,36.68,70.99,200,3.9,25-04-2021
,09:11:35,38.33,74.21,125,4,25-04-2021
,05:23:39,32.76,76.2,5,2.2,25-04-2021
,22:27:06,36.48,69.41,56,4.4,24-04-2021
,20:15:06,36.51,71.62,120,3.9,24-04-2021
,00:53:23,28.53,94.56,10,2.8,24-04-2021
,13:20:34,36.46,70.98,190,4.7,23-04-2021
,02:38:55,37.71,69.52,90,4.4,23-04-2021
,08:38:57,30.63,87.32,10,3.8,22-04-2021
,05:55:45,31.36,76.82,10,2.7,22-04-2021
,05:54:21,31.37,76.58,8,2.9,22-04-2021
,04:56:36,36.73,68.38,10,3.7,22-04-2021
,04:06:01,37.7,76.11,10,3.6,22-04-2021
,01:04:56,11.55,93.62,35,4.3,22-04-2021
,18:58:31,29.78,89.61,170,4.3,21-04-2021
,15:33:43,17.42,73.79,5,2.8,20-04-2021
,15:21:57,17.4,73.78,5,2.9,20-04-2021
,05:28:27,0.2,96.62,47,6,20-04-2021
,18:26:02,36.53,71.26,225,4.3,19-04-2021
,17:42:39,28.78,89.34,75,4.3,19-04-2021
,11:17:58,25.9,90.29,10,2.9,19-04-2021
,10:37:51,36.32,69.21,10,4.1,19-04-2021
,01:53:51,25.74,95.28,89,4.3,19-04-2021
,18:54:33,22.48,94.08,10,4.8,18-04-2021
,20:38:01,28.08,93.04,10,2.6,17-04-2021
,17:39:01,37.21,72.27,10,3.9,17-04-2021
,16:08:18,37.96,72.68,70,4.2,17-04-2021
,15:45:06,20.73,76.83,16,3,17-04-2021
,08:54:40,32.3,98.83,10,4.6,17-04-2021
,00:20:51,32.35,78.7,10,3.6,17-04-2021
,19:23:18,37.32,72.44,10,3.6,16-04-2021
,06:05:56,30.01,79.6,10,2.5,16-04-2021
,03:56:28,32.43,78.82,100,4.4,16-04-2021
,03:17:09,32.31,76.39,10,2.9,16-04-2021
,03:03:30,32.28,76.29,10,3.5,16-04-2021
,16:19:22,28.81,76.79,10,2.4,15-04-2021
,04:00:01,19.28,83.38,10,3.2,15-04-2021
,02:00:21,36.5,70.42,10,3.4,15-04-2021
,01:19:01,36.23,71.19,19,4.1,15-04-2021
,00:09:24,23.32,94.1,30,3.1,15-04-2021
,21:00:48,34.19,76.63,5,3.6,14-04-2021
,16:25:18,0.12,96.68,30,5.3,14-04-2021
,15:14:37,36.27,70.55,170,4.4,14-04-2021
,12:54:51,36.57,71.52,176,4.3,14-04-2021
,04:34:57,26.24,92.82,10,2.8,14-04-2021
,02:09:37,32.63,75.98,14,2.8,14-04-2021
,23:03:10,22.75,94.56,10,3.6,13-04-2021
,16:14:25,30.3,70.49,10,3.9,13-04-2021
,15:37:42,36.65,71.56,10,3.4,13-04-2021
,15:02:48,39.91,72.49,30,3.6,13-04-2021
,14:58:52,36.52,70.04,225,4,13-04-2021
,11:12:47,36.5,70.76,200,4.9,13-04-2021
,09:58:07,36.1,68.05,80,4.2,13-04-2021
,02:40:29,29.46,89.53,187,3.6,13-04-2021
,21:01:30,27.61,92.71,10,3.6,12-04-2021
,03:17:29,29.6,89.6,150,3.8,12-04-2021
,20:41:27,12.33,78.72,30,3,11-04-2021
,12:53:59,23.28,81.73,10,3.9,11-04-2021
,04:05:20,36.72,71.65,10,3.8,11-04-2021
,03:19:41,28.28,67.01,10,4.2,11-04-2021
,23:51:51,31.53,90.42,10,4.3,10-04-2021
,23:10:04,39.31,77,12,3.1,10-04-2021
,20:48:21,28.1,66.47,10,4.3,10-04-2021
,01:34:19,36.16,70.49,27,3.8,09-04-2021
,18:23:41,30.82,71.24,23,4,08-04-2021
,00:56:39,37.62,72.91,100,3.8,08-04-2021
,17:59:35,35.36,72.54,10,4.2,07-04-2021
,03:25:44,32.28,93.26,10,4.3,07-04-2021
,03:18:36,31.99,92.84,10,4.8,07-04-2021
,02:03:27,31.28,93.02,10,3.8,07-04-2021
,23:16:03,37.56,66.59,10,4.3,06-04-2021
,14:31:19,26.95,89.33,10,3.9,06-04-2021
,10:44:35,26.28,88.68,5,3.7,06-04-2021
,07:33:55,21.61,94.52,10,3.6,06-04-2021
,07:07:02,26.72,89.04,10,4.1,06-04-2021
,03:42:16,27.55,95.54,39,2.7,06-04-2021
,20:49:58,27.23,88.84,10,5.1,05-04-2021
,03:39:13,32.69,76.59,5,2.8,05-04-2021
,02:01:55,32.63,76.32,14,2.4,05-04-2021
,01:39:51,36.66,76.17,10,4.4,05-04-2021
,22:38:31,26.57,93.89,24,2.9,04-04-2021
,11:46:28,35.97,69.73,60,4.2,04-04-2021
,10:25:41,37.45,73.28,90,4.7,04-04-2021
,10:37:47,35.93,66.16,10,4.1,03-04-2021
,02:40:00,27.62,92.65,5,2.2,03-04-2021
,00:10:20,32.68,76.48,10,3,03-04-2021
,14:28:42,34.12,87.81,100,4.3,02-04-2021
,00:21:47,23.87,92.92,28,3.8,02-04-2021
,22:21:10,36.66,71.48,11,4.1,01-04-2021
,17:35:02,37.36,71.17,90,4.5,01-04-2021
,00:02:54,39.21,72.65,135,4.3,01-04-2021
,22:41:22,28.82,76.72,10,2.4,31-03-2021
,21:40:24,37.36,72.21,150,4.2,30-03-2021
,10:03:40,25.7,91.39,5,2.8,30-03-2021
,04:19:58,34.93,73.63,10,3.4,30-03-2021
,04:03:50,34.86,73.42,10,3.5,30-03-2021
,01:06:26,34.41,76.08,10,3.1,30-03-2021
,00:19:02,27.99,87.55,10,3.6,30-03-2021
,22:57:24,34.47,87.69,10,5.6,29-03-2021
,18:52:33,25.56,91.91,10,3.2,29-03-2021
,16:15:16,26.24,95.48,100,3.9,29-03-2021
,13:54:21,7.71,91.3,10,4.1,29-03-2021
,05:41:40,36.18,77.38,10,4.1,29-03-2021
,23:23:23,27.57,92.69,10,2.6,28-03-2021
,18:17:14,27.78,64.67,30,4.4,28-03-2021
,12:43:29,31.96,92.97,40,3.8,28-03-2021
,03:27:52,27.36,92.63,6,2.8,28-03-2021
,22:54:17,35.56,89.32,63,4.1,27-03-2021
,00:32:08,27.55,92.66,10,5,27-03-2021
,00:30:42,36.27,70.58,180,3.7,27-03-2021
,21:55:12,32.47,93.54,200,4,26-03-2021
,16:07:17,36.51,71.04,150,4.5,26-03-2021
,05:48:37,35.37,91.17,50,4.3,26-03-2021
,18:27:21,31.2,84.09,150,4.2,25-03-2021
,17:07:22,34.58,76.84,30,3.5,25-03-2021
,16:36:15,19.18,73.95,8,2.4,25-03-2021
,03:53:00,36.86,75.99,10,3.7,25-03-2021
,01:40:56,36.58,71.44,10,3.8,25-03-2021
,01:29:27,37.46,72.95,30,3.6,25-03-2021
,01:06:14,36.77,71.71,13,4.4,24-03-2021
,00:27:36,24.14,93.88,40,2.8,24-03-2021
,00:26:44,36.41,68.01,10,4.1,24-03-2021
,23:42:44,34.81,70.68,10,3.8,23-03-2021
,11:27:04,33.64,76.28,10,3,23-03-2021
,04:25:30,20.17,94.26,10,3.8,23-03-2021
,23:28:09,25.24,95.02,10,3.3,22-03-2021
,22:53:40,31.9,92.79,40,4.4,22-03-2021
,21:59:18,26,90.48,10,2.7,22-03-2021
,20:21:56,31.52,84.9,200,3.9,22-03-2021
,18:14:53,32.739,70.177,10,4.2,22-03-2021
,19:50:23,31.81,90.49,150,3.9,21-03-2021
,18:12:55,26.64,92.45,10,3.1,21-03-2021
,17:52:41,26.53,92.58,25,4.1,21-03-2021
,10:06:32,25.85,95.08,10,4.2,21-03-2021
,06:10:10,36.42,71.37,10,3.8,21-03-2021
,03:29:18,32.15,93.47,10,3.8,21-03-2021
,23:22:17,22.66,91.79,10,3.5,20-03-2021
,21:06:07,23.01,93.12,17,3.3,20-03-2021
,21:00:27,34.63,83.49,42,4.7,20-03-2021
,13:13:05,36.95,71.33,160,4.6,20-03-2021
,09:54:23,38.34,74.11,10,3.6,20-03-2021
,07:30:37,28,88.92,75,3.5,20-03-2021
,02:33:12,32.42,93.94,80,3.8,20-03-2021
,01:30:44,32.83,73.65,10,3.6,20-03-2021
,23:34:19,31.79,93.05,79,4.2,19-03-2021
,11:41:32,31.78,92.81,100,5.8,19-03-2021
,17:23:49,37.91,71.5,140,4.7,18-03-2021
,09:50:05,27.75,85.71,10,3.6,18-03-2021
,18:46:12,30.08,86.39,10,4.1,16-03-2021
,11:15:21,26.08,94.4,18,3.5,16-03-2021
,17:34:41,36.37,71.12,10,3.8,15-03-2021
,15:23:03,26.91,89.21,5,3.8,15-03-2021
,06:04:02,34.99,73.48,10,3.4,15-03-2021
,05:41:51,38.13,73.52,10,3.8,15-03-2021
,05:48:40,16.45,94.46,50,3.8,14-03-2021
,18:00:32,37.57,69.78,30,4.5,13-03-2021
,02:21:37,26.36,90.13,10,2.8,13-03-2021
,22:42:03,28.62,66.59,10,4,12-03-2021
,16:14:16,26.13,92.71,5,3.1,12-03-2021
,04:32:15,27.4,87.98,10,3.7,12-03-2021
,19:58:36,35.08,72.13,10,3.9,11-03-2021
,12:05:37,23.91,94.29,20,3.1,11-03-2021
,08:04:17,22.75,94.51,50,3.3,11-03-2021
,04:49:29,36.35,70.85,41,4.3,11-03-2021
,03:48:10,27.38,88.76,15,2.1,11-03-2021
,23:59:47,24.1,93.38,50,2.8,10-03-2021
,21:58:42,26.25,95.23,80,3.2,10-03-2021
,20:33:33,26.38,95.98,110,3.6,10-03-2021
,18:53:52,27.1,90.48,6,2.7,10-03-2021
,13:01:38,22.48,95.81,10,3.8,10-03-2021
,09:47:06,36.49,71.56,41,3.8,10-03-2021
,08:29:10,22.14,78.64,20,2.8,10-03-2021
,07:50:34,32.7,76.62,5,3.4,10-03-2021
,02:36:47,36.34,70.8,180,4.5,10-03-2021
,23:34:58,32.72,76.6,5,2.8,09-03-2021
,23:26:38,36.49,72.4,230,3.9,09-03-2021
,19:29:28,27.2,92.37,10,2.8,09-03-2021
,16:45:02,25.36,94.74,60,4.7,09-03-2021
,12:34:34,32.64,76.5,10,3.5,09-03-2021
,07:22:08,36.12,72.16,10,4.3,09-03-2021
,15:35:00,25.29,94.97,97,4,08-03-2021
,10:38:38,32.95,75.83,5,3.5,08-03-2021
,10:20:43,32.92,75.88,5,3.6,08-03-2021
,22:41:30,38.68,73.67,10,4,07-03-2021
,17:59:51,36.52,71.65,10,4,07-03-2021
,16:29:11,33.03,73.6,10,3.8,07-03-2021
,15:50:08,38.98,70.17,10,3.3,07-03-2021
,14:46:58,35.01,78.18,10,3.5,07-03-2021
,09:57:00,34.04,79.37,10,3.7,07-03-2021
,04:40:34,33,75.86,5,2.9,07-03-2021
,01:56:42,36.5,71.17,200,4.4,07-03-2021
,00:56:49,37.5,72.44,150,4.3,07-03-2021
,18:31:04,36.63,69.31,38,4.4,06-03-2021
,13:44:30,39,72.84,10,3.4,06-03-2021
,05:11:33,34.53,79.04,10,3.6,06-03-2021
,03:22:36,39.82,70.95,10,4.2,06-03-2021
,19:40:55,36.2,69.6,150,4.3,05-03-2021
,02:12:38,36.55,70.95,217,3.8,04-03-2021
,21:18:06,37.56,68.55,90,3.8,03-03-2021
,04:04:56,37.01,71.47,82,4.2,03-03-2021
,01:08:28,31.38,86.83,10,3.6,03-03-2021
,22:28:13,25.17,95.31,10,2.6,02-03-2021
,21:30:09,27.69,91.8,10,2.8,02-03-2021
,16:33:33,36.25,71.51,110,4.3,02-03-2021
,14:13:04,37.47,72.43,17,3.7,02-03-2021
,07:15:38,39,75.16,10,3.5,02-03-2021
,01:47:58,26.78,93.05,15,2.7,02-03-2021
,01:32:22,26.41,92.29,15,2.9,02-03-2021
,23:51:56,6.91,94.62,90,4.2,01-03-2021
,20:09:51,24.69,93.11,25,3.7,01-03-2021
,09:06:08,21.51,94.9,10,3.6,01-03-2021
,18:03:18,28.69,87.98,20,3.9,28-02-2021
,01:33:51,28.91,86.65,100,4.1,28-02-2021
,08:05:14,36.16,70.96,90,3.8,27-02-2021
,03:26:13,38.63,71.99,10,3.6,27-02-2021
,03:05:18,36.38,71.55,125,4.3,27-02-2021
,15:03:19,23.03,94.12,10,3,26-02-2021
,14:58:23,37.16,72.66,10,4.5,26-02-2021
,02:08:56,36.42,71.98,10,3.8,26-02-2021
,22:33:21,26.19,92.05,30,3.6,25-02-2021
,14:56:19,22.79,96.05,30,3.9,25-02-2021
,14:06:46,35.875,71.393,100,4.3,25-02-2021
,13:20:29,22.99,95.47,19,4.1,25-02-2021
,09:50:05,23.02,95.64,17,3.6,25-02-2021
,09:19:01,25.21,94.37,48,3.3,25-02-2021
,09:15:57,22.53,96.48,10,4.2,25-02-2021
,08:04:29,22.91,95.81,10,4.5,25-02-2021
,06:12:42,36.45,71.85,24,3.6,25-02-2021
,03:55:26,32.85,76.22,5,2.4,25-02-2021
,02:33:02,32.32,76.29,5,2.2,25-02-2021
,01:37:51,25.89,64.78,37,4.3,25-02-2021
,23:46:47,19.95,91.03,24,4.8,24-02-2021
,20:49:19,26.02,95.45,83,4.2,24-02-2021
,03:15:23,37.4,75.89,10,4,24-02-2021
,20:36:00,28.72,77,10,1.9,23-02-2021
,17:45:20,23.98,94.1,94,3.4,23-02-2021
,21:14:22,27.42,92.65,10,2.6,22-02-2021
,14:01:53,26.298,92.896,10,2.8,22-02-2021
,04:51:36,36.484,70.684,155,3.9,22-02-2021
,01:46:11,37.63,69.18,10,3.9,21-02-2021
,01:29:08,24.87,94.89,5,2.8,21-02-2021
,01:15:49,37.37,70.09,74,3.8,21-02-2021
,22:03:55,28.2,88.16,10,3.7,20-02-2021
,16:32:46,37.86,72.59,10,3.6,20-02-2021
,13:39:32,28.6,68.91,140,5,20-02-2021
,07:17:48,37.25,71.5,10,3.7,20-02-2021
,05:31:26,23.44,94.38,105,4.3,20-02-2021
,03:55:31,32.64,76.2,5,2.8,20-02-2021
,03:21:11,27.9,87.3,10,3.4,20-02-2021
,23:08:53,24.1,93.58,5,2.4,19-02-2021
,16:38:32,29.88,80.29,8,4,19-02-2021
,07:59:23,28.21,87.25,55,3.4,19-02-2021
,07:54:50,25.55,91.96,50,2.8,19-02-2021
,07:42:49,36.73,71.69,10,3.8,19-02-2021
,04:11:24,23.59,94.56,50,3.7,19-02-2021
,03:54:18,27.15,88.97,5,2.6,19-02-2021
,23:48:56,34.54,69.19,110,4.3,18-02-2021
,22:58:23,36.61,71.58,110,3.6,18-02-2021
,07:39:05,36.62,74.56,10,3.7,18-02-2021
,05:29:49,17.75,73.55,6,3.3,18-02-2021
,03:50:48,31.07,78.06,5,2.2,18-02-2021
,23:02:36,36.71,71.01,220,4.4,17-02-2021
,20:31:21,36.73,71.31,20,3.6,17-02-2021
,17:54:46,26.71,92.63,10,4.7,17-02-2021
,16:28:55,34.44,69.55,180,4.6,17-02-2021
,02:06:51,12.04,94.78,10,4.2,17-02-2021
,21:55:17,34.43,77.68,5,3.5,16-02-2021
,19:00:56,35.53,68.94,10,3.9,16-02-2021
,21:23:47,25.41,85.35,5,3.5,15-02-2021
,19:23:24,9.42,93.48,10,4.1,15-02-2021
,17:41:19,37.62,73.12,50,4.3,15-02-2021
,17:07:09,25.32,93.83,30,3.4,15-02-2021
,15:59:06,36.443,70.309,266,4.2,15-02-2021
,10:27:08,1.03,98.59,10,4.7,15-02-2021
,05:25:26,22.02,93.79,10,3.5,15-02-2021
,02:46:00,28.57,87.39,67,3.6,15-02-2021
,01:25:59,28.91,76.99,5,2.7,15-02-2021
,15:49:53,31.32,76.87,10,3.2,14-02-2021
,10:35:05,36.34,71.2,100,3.9,14-02-2021
,05:43:51,28.27,93.39,10,2.9,14-02-2021
,03:30:22,37.98,72.58,110,3.9,14-02-2021
,22:31:33,38,73.58,74,6.3,12-02-2021
,15:45:19,38.32,73.66,100,4.5,12-02-2021
,08:01:47,30.1,69.7,290,4.3,12-02-2021
,01:04:03,37,72.32,234,4.7,12-02-2021
,13:34:51,22.814,94.524,50,3.7,11-02-2021
,04:01:30,36.78,70.61,97,4.9,11-02-2021
,02:55:01,39.55,73.74,10,3.6,11-02-2021
,00:45:51,23.7,93.1,30,3.1,11-02-2021
,00:33:26,36.13,71.39,160,4.4,11-02-2021
,20:02:33,36.05,71.87,200,4.3,10-02-2021
,19:26:22,36.41,71.19,50,3.5,09-02-2021
,07:20:07,27.95,87.91,90,4.5,09-02-2021
,04:09:11,26.99,92.54,5,2.3,09-02-2021
,00:40:55,36.87,71.97,10,3.9,09-02-2021
,19:05:28,36.57,71.39,139,3.9,08-02-2021
,13:49:15,26.57,93.14,30,3.7,08-02-2021
,09:03:47,39.51,71.55,10,3.6,08-02-2021
,06:48:31,29.44,74.4,24,3.5,08-02-2021
,04:56:02,34.22,73.61,30,3.5,08-02-2021
,21:08:08,39.27,74.29,10,4,07-02-2021
,20:24:39,37.9,93.3,10,4.2,06-02-2021
,08:27:34,28.95,73.52,5,3.5,06-02-2021
,17:17:52,20.98,97.66,10,4.5,05-02-2021
,12:06:00,36.55,70.5,10,3.7,05-02-2021
,06:53:11,29.01,77.28,5,1.8,05-02-2021
,04:33:07,29.03,86.55,10,3.9,05-02-2021
,03:43:10,27.86,88.14,10,4,05-02-2021
,22:32:05,36.4,77.09,10,4.6,04-02-2021
,10:36:29,28.62,87.38,124,4.8,04-02-2021
,01:00:28,36.53,70.66,10,4.2,04-02-2021
,00:27:27,23.45,94.21,5,3.4,04-02-2021
,00:04:20,4.94,95.76,10,4,04-02-2021
,21:10:20,39.34,71.91,63,3.6,03-02-2021
,19:59:52,34.33,78.3,10,4.5,03-02-2021
,18:48:56,36.35,70.87,138,4.2,03-02-2021
,23:04:07,36.06,76.25,10,4.2,02-02-2021
,21:44:15,28.66,84.09,40,4.2,02-02-2021
,12:14:01,36.08,69.45,10,4.3,02-02-2021
,09:15:50,36.73,71.07,10,4.2,02-02-2021
,08:22:42,37.17,71.5,169,4.6,02-02-2021
,08:01:18,28.75,87.45,151,4.9,02-02-2021
,06:46:41,36.35,71.37,10,4.1,02-02-2021
,01:34:26,24.84,94.35,35,4,01-02-2021
,01:12:25,36.62,71.58,16,3.9,01-02-2021
,19:16:05,26.28,95.73,110,3.6,31-01-2021
,04:35:59,39.53,72.43,10,3.5,31-01-2021
,00:41:12,19.53,77.13,5,3.2,31-01-2021
,20:40:35,26.85,93.31,30,2.7,30-01-2021
,16:09:40,19.56,77.67,10,3.4,30-01-2021
,11:15:49,28.36,89.76,10,4,30-01-2021
,18:57:48,39.68,74.78,10,3.4,29-01-2021
,16:46:02,32.222,76.418,10,2.8,28-01-2021
,09:17:54,28.66,77.13,15,2.8,28-01-2021
,00:26:25,25.96,95.66,16,3.5,28-01-2021
,14:47:03,38.38,71.84,150,3.7,27-01-2021
,00:48:15,35.36,73.71,16,3.6,27-01-2021
,00:08:40,26.27,95.69,10,3.8,27-01-2021
,23:51:36,28.73,76.92,10,2.7,26-01-2021
,19:28:36,18.33,73.91,12,2.6,26-01-2021
,12:35:18,25.14,93.87,15,3.3,26-01-2021
,01:21:05,28.59,77.01,5,1.9,26-01-2021
,02:15:31,27.51,93.21,11,3.5,25-01-2021
,00:31:20,37.08,71.57,90,5.3,25-01-2021
,14:01:02,27.79,95.04,10,3,24-01-2021
,12:56:04,39.65,73.238,10,3.2,23-01-2021
,10:09:03,36.77,68.12,230,4.5,23-01-2021
,05:32:01,26.42,93.41,5,2.3,23-01-2021
,02:44:44,24.34,94.95,21,3.9,23-01-2021
,02:04:47,28.6,77,5,1.9,22-01-2021
,00:18:47,36.36,71.25,188,3.8,22-01-2021
,22:20:15,24.84,94.72,10,2.8,21-01-2021
,21:02:09,36.48,70.82,203,4.4,21-01-2021
,19:12:40,36.53,77,156,4.2,21-01-2021
,16:26:05,36.31,70.22,10,3.7,21-01-2021
,04:03:15,22.02,94.5,10,3.5,21-01-2021
,00:33:40,36.63,72.42,67,3.8,21-01-2021
,12:58:04,36.55,72.74,110,4.3,20-01-2021
,02:06:50,37.84,72.26,195,3.9,20-01-2021
,21:13:21,34.3,74.53,5,3.6,19-01-2021
,18:02:57,39.96,77.11,10,3.6,19-01-2021
,16:32:39,36.39,71.02,10,4,19-01-2021
,17:13:59,7.62,94.72,120,4.5,18-01-2021
,12:40:13,36.12,69.51,10,3.7,18-01-2021
,12:21:12,35.3,73.59,34,3.8,18-01-2021
,02:06:54,24.31,93.75,28,2.7,18-01-2021
,01:21:44,34.61,80.896,221,3.6,18-01-2021
,22:00:45,20.03,72.82,5,3.5,17-01-2021
,19:12:57,24.29,96.77,10,3.7,17-01-2021
,13:53:20,37.48,75.11,10,3.5,17-01-2021
,12:29:51,26,96.53,10,3.9,17-01-2021
,02:58:15,23.62,93.5,25,3.2,17-01-2021
,02:18:11,23.65,93.46,55,4.4,17-01-2021
,01:32:53,35.94,71.12,200,5.3,17-01-2021
,22:01:04,33.03,75.93,10,4.1,16-01-2021
,16:05:49,36.42,72.22,100,3.8,16-01-2021
,16:58:21,1.26,96.42,10,4.3,15-01-2021
,00:45:35,24.96,93.24,15,4.2,14-01-2021
,19:03:31,28.86,77.49,5,2.9,13-01-2021
,06:37:22,22.64,94.58,98,3.8,13-01-2021
,03:26:05,36.38,70.25,163,3.8,13-01-2021
,20:00:07,37.3,72.34,135,4.3,12-01-2021
,15:16:43,19.68,90.75,118,4.3,12-01-2021
,10:17:20,36.37,71.14,250,4.5,12-01-2021
,19:32:04,33.34,75.47,5,5.1,11-01-2021
,19:29:15,33.22,75.58,5,3.8,11-01-2021
,02:31:38,36.47,70.6,150,4.2,11-01-2021
,20:44:40,36.49,70.75,147,4.5,10-01-2021
,06:38:05,27.21,89.92,10,3.1,10-01-2021
,04:30:38,37.35,72.23,220,4.2,10-01-2021
,04:17:29,36.75,71.39,230,3.9,10-01-2021
,23:02:48,22.93,94.22,50,3.5,09-01-2021
,22:27:03,37.39,72.04,85,3.7,09-01-2021
,20:21:50,32.31,76.3,10,4.2,09-01-2021
,11:27:30,30.79,78.58,10,3.3,09-01-2021
,21:45:55,20.13,84.25,5,3.2,08-01-2021
,18:16:25,36.47,71.46,10,3.6,08-01-2021
,15:41:55,37.16,71.34,130,4.1,08-01-2021
,10:05:19,29.85,79.77,10,3.3,08-01-2021
,19:22:29,22.56,69.65,20,2.7,07-01-2021
,06:57:38,6.99,93.91,72,4.4,07-01-2021
,01:53:34,37.17,72.09,99,3.9,07-01-2021
,20:38:42,23.06,94.26,32,3.7,06-01-2021
,04:32:07,26.95,92.93,8,2.5,06-01-2021
,13:09:22,32.35,76.61,5,3.2,05-01-2021
,10:58:43,34.28,74.52,5,3.5,04-01-2021
,00:13:07,26.21,90.94,5,2.5,04-01-2021
,22:15:28,26.52,93.03,10,2.8,03-01-2021
,00:18:14,35.89,70.17,250,4.1,03-01-2021
,22:20:32,20.095,72.928,5,2.4,02-01-2021
,21:45:56,32.51,76.4,30,2.6,02-01-2021
,18:32:55,36.94,72.11,121,4.5,02-01-2021
,13:24:40,21.79,74.7,5,3.3,02-01-2021
,04:11:58,30.59,79.28,5,2.4,02-01-2021
,03:31:48,23.03,94.04,10,3.2,02-01-2021
,00:27:05,24.45,94.86,98,3.1,01-01-2021
,23:05:21,27.32,88.62,5,2.6,31-12-2020
,17:21:00,24.19,93.85,40,3.1,31-12-2020
,13:30:28,27.07,89.16,5,2.8,31-12-2020
,11:03:46,34.7,72.92,10,4.7,30-12-2020
,01:34:04,27.69,86.33,100,3.9,30-12-2020
,21:44:00,35.78,71.51,150,4.2,29-12-2020
,03:58:16,28.49,91.96,112,3.1,29-12-2020
,01:20:28,18.88,95.26,64,3.8,29-12-2020
,20:15:19,37.31,71.84,45,4.2,28-12-2020
,05:48:12,36.66,71.31,221,3.9,28-12-2020
,03:09:12,24.65,94.53,40,3.1,28-12-2020
,03:18:20,27.41,96.55,10,3.5,27-12-2020
,19:49:15,16.15,93.07,50,4.1,26-12-2020
,04:59:02,37.39,71.82,186,3.9,26-12-2020
,03:23:50,25.7,94.7,30,2.8,26-12-2020
,02:01:49,26.06,95.38,120,3.6,26-12-2020
,01:21:28,37.96,73.54,50,3.8,26-12-2020
,05:02:19,28.7,77.04,5,2.3,25-12-2020
,20:44:01,25.47,96.25,100,3.9,24-12-2020
,19:51:07,27.11,88.34,5,2.5,24-12-2020
,19:06:56,36.28,69.35,50,4,24-12-2020
,18:17:15,25.69,96.55,198,3.9,24-12-2020
,16:51:29,25.79,96.46,150,3.6,24-12-2020
,13:39:52,25.58,96.53,100,4.6,24-12-2020
,08:29:46,38.24,71.72,10,4.2,24-12-2020
,06:56:06,26.1,93.01,5,3,24-12-2020
,05:21:51,34.21,97.99,10,4.6,24-12-2020
,03:19:35,24.51,94.94,123,2.8,24-12-2020
,22:41:26,37.13,71.71,10,3.9,23-12-2020
,16:37:02,27.17,96.05,150,3.7,23-12-2020
,11:44:19,16.36,94.45,219,3.9,23-12-2020
,01:25:52,36.81,71.93,16,3.7,23-12-2020
,06:31:34,36.15,69.08,25,4.7,22-12-2020
,01:03:12,37,71.6,150,3.9,22-12-2020
,08:33:46,33.66,76.64,5,3.7,21-12-2020
,00:27:36,32.69,76.42,5,2.4,21-12-2020
,23:43:51,22.98,93.77,10,3.4,20-12-2020
,20:40:51,36.32,71.67,10,4.2,20-12-2020
,06:09:51,36.7,70.89,239,4.4,20-12-2020
,05:55:02,29.66,80.53,5,2.9,20-12-2020
,11:52:44,21.73,94.35,10,4.1,19-12-2020
,21:32:40,36.79,72.03,10,4,18-12-2020
,10:15:54,36.96,72.07,10,3.7,18-12-2020
,09:23:43,36.61,71.31,173,4.4,18-12-2020
,23:46:46,28.19,76.67,25,4.2,17-12-2020
,22:03:20,24.15,93.74,36,3.2,17-12-2020
,11:26:01,27.4,75.43,5,3,17-12-2020
,02:32:39,35.14,70.27,10,4.2,17-12-2020
,22:53:40,36.82,72.53,101,3.7,16-12-2020
,20:10:16,27.7,94.2,10,3.1,16-12-2020
,19:26:35,37.12,73.53,10,4,16-12-2020
,18:27:13,37.22,73.49,10,4.3,16-12-2020
,02:07:30,31.49,76.84,5,3.2,16-12-2020
,23:47:50,23.82,93.11,57,3.4,15-12-2020
,14:47:06,39.34,75.8,100,3.7,15-12-2020
,16:46:15,38.66,73.35,50,4.2,14-12-2020
,14:20:38,36.66,68.94,50,4.3,14-12-2020
,10:10:13,21.22,95.49,13,3.7,14-12-2020
,05:25:31,35.92,68.92,50,4,14-12-2020
,23:33:08,31.98,77.35,10,2.4,13-12-2020
,20:54:58,24.45,73.26,5,2.3,13-12-2020
,11:38:55,36.62,71.23,10,4.1,13-12-2020
,01:43:55,36.27,72.18,33,3.8,13-12-2020
,00:14:59,26.85,94.42,10,2.6,13-12-2020
,20:41:37,26.88,96.18,10,3.3,12-12-2020
,20:39:27,26.46,94.58,5,2.6,12-12-2020
,16:42:16,36.54,71.24,10,3.9,12-12-2020
,21:28:52,23.89,92.88,40.1,3.2,11-12-2020
,19:59:53,10.97,76.1,10,2.5,11-12-2020
,18:33:51,21.59,90.31,10,4.1,11-12-2020
,18:30:15,15.49,94.06,10,4.2,11-12-2020
,22:26:47,25.87,90.52,10,3.9,10-12-2020
,22:03:05,37.04,71,10,4.4,10-12-2020
,00:24:19,26.54,96.66,145,4.1,10-12-2020
,00:06:45,26.703,95.313,10,2.5,10-12-2020
,21:35:35,24.98,95,27.7,3.1,09-12-2020
,10:44:34,22.11,94.2,87,5.2,08-12-2020
,00:27:44,28.96,76.99,14,3.3,08-12-2020
,02:09:22,32.72,76.62,5,2.6,07-12-2020
,01:14:59,36.25,73.74,10,3.6,07-12-2020
,00:19:02,36.81,71.84,10,4,07-12-2020
,19:05:39,12.79,93.14,10,4.3,06-12-2020
,10:10:40,32.71,76.65,5,2.8,06-12-2020
,06:44:38,39.07,75.73,65,3.6,06-12-2020
,05:57:29,37.856,66.942,15.8,4.3,06-12-2020
,02:00:05,35.972,70.623,167,4.3,06-12-2020
,16:59:22,36.46,71.44,150,4,05-12-2020
,14:03:42,39.49,75.7,10,4.1,05-12-2020
,10:46:37,26.92,92.67,10,3.4,05-12-2020
,04:38:15,36.42,71.26,119,4.3,04-12-2020
,03:10:59,30.11,80.56,5,2.6,04-12-2020
,02:13:24,22.14,86.05,63,3.9,04-12-2020
,01:18:38,3.09,97.92,144,5.2,04-12-2020
,13:40:06,34.49,75.95,10,3.5,03-12-2020
,04:26:45,33.1,72.67,10,3.9,03-12-2020
,12:44:24,27.49,94.34,60,3.1,02-12-2020
,06:24:40,38.296,75.376,169,4.3,02-12-2020
,04:05:01,28.79,77.46,5,2.7,02-12-2020
,09:41:50,30.03,77.95,10,3.9,01-12-2020
,18:02:36,36.36,70.59,232,4.2,30-11-2020
,21:12:35,31.56,72.84,10,3.6,29-11-2020
,05:39:30,36.7,71.58,20,3.9,28-11-2020
,05:07:54,33.72,88.6,200,4.1,28-11-2020
,04:33:11,36.14,71.06,200,3.6,28-11-2020
,22:57:33,36.54,71.2,263,5.2,26-11-2020
,15:31:46,36.35,71.39,115,4.4,26-11-2020
,15:40:58,0.12,97.66,10,4.5,25-11-2020
,01:21:12,37.17,71.75,23,3.9,25-11-2020
,19:11:51,28.53,87.32,50,4,23-11-2020
,02:13:47,27.96,93.88,10,2.6,23-11-2020
,23:58:24,22.37,94.13,25,3.8,22-11-2020
,08:59:20,26.31,94.63,23.2,4.4,22-11-2020
,06:23:59,21.89,79.45,10,2.7,22-11-2020
,03:40:53,21.89,79.8,10,1.8,22-11-2020
,03:12:11,21.78,79.84,10,2.4,22-11-2020
,01:45:02,22.1,79.55,10,4.3,22-11-2020
,21:04:51,36.29,70.88,100,4.6,21-11-2020
,19:34:51,24.14,98.37,125,3.9,21-11-2020
,16:09:38,25.45,94.35,5,2.8,21-11-2020
,14:03:58,25.49,94.33,16,2.7,21-11-2020
,12:48:42,35.07,70.14,214,4.3,21-11-2020
,10:19:36,24.92,94.88,30,4,21-11-2020
,07:46:10,36.15,70.82,10,4.3,21-11-2020
,06:54:40,25.45,94.29,11.8,2.8,21-11-2020
,23:03:15,38.12,74.44,10,4.1,20-11-2020
,21:04:14,36.56,68.75,19.4,3.9,20-11-2020
,14:01:15,36.4,68.93,10,4.9,19-11-2020
,02:47:34,36.63,71.15,164,3.8,19-11-2020
,02:31:03,36.33,71.25,185,3.9,19-11-2020
,01:20:31,25.33,94.19,10,2.7,19-11-2020
,16:03:44,36.08,69.64,25,4.7,18-11-2020
,14:30:09,36.35,70.15,100,4.4,17-11-2020
,13:05:23,38.25,70.21,150,4.8,17-11-2020
,06:57:24,25.3,72.73,10,3,17-11-2020
,21:00:47,31.16,78.13,5,2.5,16-11-2020
,23:31:20,30.92,78.01,5,3.3,15-11-2020
,12:19:34,31.04,75.95,10,2.9,15-11-2020
,08:00:03,37.03,72.35,44,4.2,15-11-2020
,04:34:24,25.51,90.67,10,2.7,15-11-2020
,04:09:18,19.92,72.88,5,2.4,15-11-2020
,14:20:26,23.53,94.5,30,5.2,14-11-2020
,08:26:59,30.29,67.65,70,5.4,14-11-2020
,00:03:10,5.7,95.8,10,4.9,14-11-2020
,23:40:30,36.6,72.04,90,4.3,13-11-2020
,21:04:04,26.59,93.24,11,2.8,13-11-2020
,15:42:16,39.52,74.04,10,4.1,13-11-2020
,15:39:47,28.67,91.83,30,3.1,13-11-2020
,14:46:46,39.6,74.35,10,4.4,13-11-2020
,08:45:37,12.13,93.46,10,4.3,13-11-2020
,03:23:49,26.45,93.61,11,3.7,13-11-2020
,02:51:28,28.02,87.74,10,4.1,13-11-2020
,01:49:08,37.01,71.3,85,4.7,13-11-2020
,23:22:30,37.26,72.05,10,4.3,12-11-2020
,19:35:22,28.35,84.28,10,3.6,12-11-2020
,15:35:28,23.88,94.54,25,3.7,12-11-2020
,08:50:00,36.47,70.81,200,4.1,12-11-2020
,08:36:22,20,72.9,5,2.5,12-11-2020
,07:36:11,35.34,71.05,100,4.2,12-11-2020
,02:29:33,32.7,75.84,5,4,12-11-2020
,01:35:28,31.21,78.26,15,2.8,12-11-2020
,20:19:25,36.03,71.62,240,4.4,11-11-2020
,13:10:40,20.16,72.88,5,2.8,11-11-2020
,09:22:15,24.6,93.56,29,3.4,11-11-2020
,05:55:51,20.19,73.07,5,2.8,11-11-2020
,04:11:50,26.28,93.09,10,2.9,11-11-2020
,23:54:00,31.61,78.54,5,2.4,10-11-2020
,23:34:31,36.83,72.26,95,4,10-11-2020
,20:07:39,38.67,70.48,10,5.5,10-11-2020
,18:19:17,36.35,72.57,49,3.6,10-11-2020
,16:58:31,20.11,73.04,5,2.9,10-11-2020
,15:38:45,20.12,72.978,5,2.3,10-11-2020
,10:15:40,22.86,94.41,80,4.3,10-11-2020
,09:48:42,20.31,73.05,5,2.8,10-11-2020
,06:29:52,26.49,94.98,5,2.7,10-11-2020
,21:19:38,20.17,72.91,8,3.1,09-11-2020
,16:17:46,20.13,72.82,5,3.4,09-11-2020
,15:40:28,20.2,72.89,10,2.8,09-11-2020
,13:43:21,20.23,72.95,5,2.4,09-11-2020
,08:49:22,39.25,71.84,10,3.1,09-11-2020
,06:46:41,21.89,79.57,12,3.4,09-11-2020
,05:31:24,20.14,72.88,5,3.4,09-11-2020
,03:14:20,27.85,84.97,10,4.3,09-11-2020
,23:16:24,33.44,75.67,10,3.4,08-11-2020
,18:56:27,33.48,75.62,10,4,08-11-2020
,17:49:00,37.29,71.91,164,4.6,08-11-2020
,15:02:43,24.09,94.11,46,3.4,08-11-2020
,14:42:25,28.65,96.26,10,4.2,08-11-2020
,15:39:24,21.55,73.15,10,4.2,07-11-2020
,12:30:57,10.44,93.26,71,3.6,07-11-2020
,11:49:25,14.45,92.34,53,4.2,07-11-2020
,07:38:39,33.6,72.44,10,3.7,07-11-2020
,05:46:56,35.58,71.18,10,4.3,07-11-2020
,04:29:19,33.5,75.64,10,4.1,07-11-2020
,04:18:41,33.28,75.85,10,2.8,07-11-2020
,21:03:11,35.37,75.54,37,3.8,06-11-2020
,16:39:18,28.78,76.78,5,2.1,06-11-2020
,08:36:49,25.12,96.34,106,4.1,06-11-2020
,06:25:55,32.87,76.2,11,2.9,06-11-2020
,06:14:32,34.77,76.82,30,3.1,05-11-2020
,00:24:53,28.29,91.74,10,3.3,05-11-2020
,22:57:40,36.61,71.75,10,4.1,04-11-2020
,08:09:47,38.54,69.69,147,4.2,04-11-2020
,03:56:18,20.06,72.92,10,2.2,04-11-2020
,03:54:53,20,73.15,10,2.5,04-11-2020
,01:56:11,23.85,94.58,170,3.4,04-11-2020
,19:01:52,20.03,72.92,10,1.8,03-11-2020
,17:28:17,24.39,92.53,20,3.5,03-11-2020
,13:14:40,29.91,68.75,10,4.2,03-11-2020
,07:21:15,0.35,98.51,135,4.6,03-11-2020
,06:55:19,35.49,73.28,10,3.7,03-11-2020
,01:13:17,25.69,91.15,10,4.4,03-11-2020
,00:21:16,36.48,70.8,235,4,03-11-2020
,23:31:34,23.54,95.08,18,3.3,02-11-2020
,22:39:46,22.92,93.01,10,3.6,02-11-2020
,18:57:44,20.07,72.91,5,1.5,02-11-2020
,14:14:33,38.94,70.85,10,3.5,02-11-2020
,13:17:42,26.36,64.06,10,4.3,02-11-2020
,06:54:43,32.97,78.55,10,3.5,02-11-2020
,06:47:12,25.49,66.58,10,4.3,02-11-2020
,10:38:23,26.043,71.498,10,2.4,01-11-2020
,08:01:37,27.44,96.3,10,3.4,01-11-2020
,04:46:13,30.48,91,56,3.5,01-11-2020
,02:59:18,38.39,77.1,10,4.2,01-11-2020
,00:13:55,28.21,92.43,67,3.4,01-11-2020
,23:36:00,34.56,78.17,10,3.8,31-10-2020
,19:54:26,25.2,94.76,10,3.1,31-10-2020
,18:16:37,22,79.7,10,3.5,31-10-2020
,17:20:41,22.13,78.37,10,3.2,31-10-2020
,12:49:17,22.01,79.55,10,3.1,31-10-2020
,02:19:42,20.39,97,5,3.6,31-10-2020
,01:42:43,39.03,75.8,150,4.3,31-10-2020
,21:21:38,36.53,71.5,35,4.2,30-10-2020
,03:47:24,35.59,74.95,16,3.3,30-10-2020
,19:27:58,23.27,94.6,10,3.5,29-10-2020
,18:27:24,22.93,95.99,10,3.6,29-10-2020
,15:53:04,20,72.89,5,2.4,29-10-2020
,15:36:20,32.02,76.22,6,2.3,29-10-2020
,15:02:40,37.72,71.65,150,5.1,29-10-2020
,10:50:48,31.93,76.25,5,2.5,29-10-2020
,01:19:56,37.19,70.52,10,4.1,29-10-2020
,00:04:30,29.31,80.94,10,3.8,29-10-2020
,16:18:28,36.26,71.33,90,4.2,28-10-2020
,11:41:36,36.36,70.83,129,4.6,28-10-2020
,09:28:24,38.8,68.49,10,4.2,28-10-2020
,03:45:19,34.95,76.15,10,2.1,28-10-2020
,22:57:25,25.86,71.4,10,2.9,27-10-2020
,04:10:50,21.92,79.5,15,3.3,27-10-2020
,19:46:58,30.35,69.4,10,4.3,26-10-2020
,13:20:02,31.21,77.74,10,3.5,26-10-2020
,08:40:44,39.93,71.07,74,4.4,26-10-2020
,04:14:43,36.13,71.97,10,4.8,26-10-2020
,03:18:56,29.96,78.95,10,2.7,26-10-2020
,01:09:57,36.49,71.43,50,4.1,26-10-2020
,00:18:40,36.81,72.4,50,4,26-10-2020
,23:42:52,31.26,83.67,10,3.9,25-10-2020
,23:03:53,39.63,73.89,10,3.8,25-10-2020
,20:44:07,24.57,93.58,27,3.2,25-10-2020
,18:49:52,19.95,72.88,5,3.2,25-10-2020
,17:44:52,19.96,72.87,5,2.4,25-10-2020
,12:06:45,27.22,88.68,5,3.6,25-10-2020
,17:49:56,26.48,95.2,70,3.2,24-10-2020
,17:40:54,35.28,72.09,20,4.3,24-10-2020
,16:02:10,27.4,86.54,150,3.6,24-10-2020
,11:11:56,36.57,71.61,50,3.9,24-10-2020
,10:34:29,31.35,76.84,7,3.2,24-10-2020
,08:51:07,23.44,92.08,50,4.1,24-10-2020
,05:14:51,36.18,71.26,10,3.7,24-10-2020
,04:06:32,28.36,97.47,10,3.6,24-10-2020
,01:23:06,25.83,91.54,10,2.9,24-10-2020
,15:46:17,39.29,64.48,10,4.4,23-10-2020
,12:15:25,32.86,75.88,5,2.7,23-10-2020
,11:54:34,36.14,72.16,121,4.5,23-10-2020
,04:32:27,20.02,72.89,5,2.2,23-10-2020
,01:44:10,34.89,66.96,39,4.1,23-10-2020
,20:42:26,37.53,67.95,57,4.3,22-10-2020
,19:52:11,37.82,69.09,87,3.9,22-10-2020
,10:26:58,20.01,72.9,5,2.3,22-10-2020
,09:39:32,20.01,72.9,5,2.7,22-10-2020
,01:59:41,29.64,88.3,10,4,22-10-2020
,19:26:03,20.02,72.91,5,2.1,21-10-2020
,17:32:12,36.12,70.63,84,5,21-10-2020
,15:45:02,23.31,93.6,20,3.6,21-10-2020
,09:51:31,3.85,96.43,50,4.3,21-10-2020
,04:28:47,36.4,70.18,130,4.3,21-10-2020
,04:00:30,38.29,75.21,136,4.5,21-10-2020
,01:25:42,27.43,96.56,15,4.2,21-10-2020
,22:14:25,25.61,93.98,20,2.3,20-10-2020
,13:03:07,37.55,72.71,105,4.4,20-10-2020
,10:05:19,37.16,70.51,237,4.3,20-10-2020
,08:46:36,20.02,72.92,5,2.5,20-10-2020
,05:22:18,38.14,70.6,10,4.2,20-10-2020
,15:47:41,39.46,72.91,10,4.4,19-10-2020
,15:08:50,3.1,96.33,10,5.1,19-10-2020
,12:36:50,37.23,72.14,117,4.2,19-10-2020
,05:01:49,37.45,71.75,10,3.6,19-10-2020
,04:44:02,35.5,75.78,10,3.6,19-10-2020
,02:22:56,38.45,76.27,10,3.7,19-10-2020
,01:35:17,32.95,72.53,10,3.9,19-10-2020
,11:44:37,37.22,72.16,10,4.5,18-10-2020
,05:47:45,37.68,72.18,160,4.1,18-10-2020
,04:15:29,38.21,77.08,10,4.3,18-10-2020
,21:49:45,31.79,68.73,40,4.3,17-10-2020
,21:41:48,26.46,93.52,12,2.7,17-10-2020
,06:46:35,36.57,70.52,19,4.8,17-10-2020
,23:51:10,32.61,94.24,25,4.1,16-10-2020
,15:40:52,36.62,71.26,10,5.2,16-10-2020
,13:43:38,29.32,68.19,100,4.5,16-10-2020
,21:05:24,24.65,93.59,36,3.5,15-10-2020
,19:05:00,36.77,72.57,10,4.6,15-10-2020
,10:57:24,36.26,71.82,104,4.1,15-10-2020
,10:29:49,3.78,95.9,10,4.9,15-10-2020
,23:06:39,32.7,76.47,5,2.4,14-10-2020
,15:43:52,19.57,73.14,5,2.8,14-10-2020
,09:52:40,36.55,70.64,143,4.1,14-10-2020
,02:06:10,35.21,68.79,10,4.1,14-10-2020
,00:16:37,36.9,72.17,10,3.7,14-10-2020
,16:38:54,31.21,77.93,5,3.1,13-10-2020
,07:55:27,36.97,71.49,90,4.5,13-10-2020
,07:06:21,23.24,93.89,82,4.1,13-10-2020
,19:00:48,36.72,72.81,10,3.8,12-10-2020
,01:54:50,25.13,94.96,10,3.4,12-10-2020
,23:32:57,19.93,72.82,5,2.3,11-10-2020
,20:57:30,27.82,97.39,121,3.8,11-10-2020
,19:06:35,36.24,71.4,148,4.8,11-10-2020
,17:14:52,25.32,97.45,10,3.7,11-10-2020
,16:39:24,4.5,96.63,149,4.7,11-10-2020
,16:00:18,27.31,75.48,5,2.2,11-10-2020
,15:55:40,24.57,93.49,52,3.8,11-10-2020
,11:32:55,30.155,70.245,30,4.5,11-10-2020
,01:52:09,3.4,95.96,10,4.5,11-10-2020
,00:41:28,27.2,92.07,10,2.5,11-10-2020
,23:39:06,24.65,93.51,30,2.8,10-10-2020
,23:08:00,24.69,93.47,28,5.3,10-10-2020
,23:00:25,28.78,76.71,8,3,10-10-2020
,08:27:19,19.99,72.84,5,2.6,10-10-2020
,06:09:26,23.17,93.16,5,3.6,10-10-2020
,11:27:35,1.23,98.57,10,4.4,09-10-2020
,08:21:16,27.66,91.88,10,3,09-10-2020
,03:12:50,24.62,94.52,10,3.4,09-10-2020
,02:43:33,32.8,76.53,5,3.3,09-10-2020
,02:32:45,32.85,76.76,5,2.5,09-10-2020
,02:31:29,32.81,76.59,5,2.4,09-10-2020
,02:28:59,32.82,76.56,5,2.1,09-10-2020
,09:22:06,35.36,75.81,10,4.2,08-10-2020
,07:44:51,36.21,68.92,10,4.1,08-10-2020
,00:49:26,19.94,72.91,5,2.8,08-10-2020
,21:48:15,32.3,80.29,10,3.9,07-10-2020
,18:33:23,29.74,95.78,10,4.1,07-10-2020
,16:24:18,20.2,72.94,5,2.4,07-10-2020
,15:25:55,33.81,78.72,10,3.3,07-10-2020
,09:40:48,39.76,73.88,10,3.8,07-10-2020
,03:32:56,25.33,94.44,10,4.3,07-10-2020
,02:55:27,36.78,71.75,94.3,4.2,07-10-2020
,21:33:31,19.98,72.88,8,3.5,06-10-2020
,13:42:01,39.53,73.46,10,4.4,06-10-2020
,11:43:45,34.03,78.89,10,4.4,06-10-2020
,05:13:20,34.46,79.46,10,5.1,06-10-2020
,15:17:40,28.86,76.73,10,2.5,05-10-2020
,21:34:55,39.09,71.49,10,3,04-10-2020
,17:28:01,27.56,67.66,10,4.2,04-10-2020
,22:45:17,36.5,71.19,10,3.8,03-10-2020
,21:06:16,26.13,91.22,10,3.9,03-10-2020
,19:53:08,36.9,77.09,10,3.4,03-10-2020
,02:45:18,36.41,71.27,20,4,03-10-2020
,23:23:00,36.31,70.82,80,3.9,02-10-2020
,21:24:32,26.78,89.33,10,3.7,02-10-2020
,12:46:34,36.66,71.37,10,4,02-10-2020
,04:00:36,32.93,75.87,10,2.7,02-10-2020
,16:47:30,35.17,68.81,81,4.3,29-09-2020
,15:40:12,31.21,78.54,5,2.9,29-09-2020
,14:38:02,34.5,77.14,22,3.2,29-09-2020
,09:10:41,27.27,91.93,10,3.6,29-09-2020
,09:06:59,27.35,92.11,5,3.5,29-09-2020
,04:25:54,20.06,72.9,5,2.4,29-09-2020
,01:38:15,33.17,75.91,10,2.4,29-09-2020
,10:42:37,33.22,75.82,5,4.2,28-09-2020
,03:46:27,30.81,85.72,137,4.5,28-09-2020
,01:24:49,36.32,71.07,177,4.9,28-09-2020
,00:21:15,36.49,70.62,235,4.3,28-09-2020
,23:47:59,26.37,66.22,50,4.3,27-09-2020
,22:57:42,34.34,78.36,10,5.1,27-09-2020
,15:56:01,32.41,76.14,10,2.8,27-09-2020
,21:22:49,36.57,71.24,143,4.3,26-09-2020
,12:02:03,34.7,74.22,10,4.5,26-09-2020
,09:34:48,35.41,69.51,37.6,4.5,26-09-2020
,08:41:37,33.28,68.12,130,4.3,26-09-2020
,02:14:39,34.8,78.05,10,3.7,26-09-2020
,17:29:05,34.86,78.05,10,3.6,25-09-2020
,16:45:42,34.28,78.2,5,2.6,25-09-2020
,16:27:06,34.96,78.59,21,5.4,25-09-2020
,19:40:20,36.35,70.4,214,4.1,24-09-2020
,08:19:46,36.55,73.94,10,3.7,24-09-2020
,05:46:57,33.72,72.61,85,4.3,24-09-2020
,05:33:10,36.48,70.34,213,4.2,24-09-2020
,00:26:42,24.66,94.26,65,2.9,24-09-2020
,14:30:55,20.06,72.91,3.5,2.6,23-09-2020
,21:40:29,34.15,74.7,5,3.6,22-09-2020
,05:49:44,20.06,72.9,8,2,22-09-2020
,04:12:21,20.07,72.9,10,2.1,22-09-2020
,02:50:43,20.01,72.79,5,3.5,22-09-2020
,01:28:33,26.27,91.2,71,4.2,22-09-2020
,21:00:14,31.18,78.51,10,3.5,21-09-2020
,19:45:06,27.22,92.67,10,3.2,21-09-2020
,00:02:08,20.12,72.98,5,2.4,21-09-2020
,21:57:15,20.05,72.93,10,2.4,20-09-2020
,12:41:18,20.17,72.95,5,2.8,20-09-2020
,07:29:06,23,93.65,45,4.6,20-09-2020
,04:30:23,27.15,90.04,10,2.9,20-09-2020
,23:26:54,25.23,93.94,19,2.9,19-09-2020
,20:18:38,26.24,90.15,10,3.8,19-09-2020
,08:15:43,32.74,76.36,5,2.8,19-09-2020
,00:17:05,37.64,72.45,12,3.8,19-09-2020
,00:07:47,37.93,74.19,10,3.6,19-09-2020
,23:23:39,23.41,94.51,20,4.3,18-09-2020
,23:17:48,37.92,73.82,10,5.1,18-09-2020
,14:07:41,36.14,69.7,10,4.1,18-09-2020
,22:12:42,29.65,68.69,116,4.6,17-09-2020
,11:41:35,35.53,94.67,10,4.8,17-09-2020
,03:01:18,36.35,72.28,200,4.4,17-09-2020
,23:32:50,16.67,75.96,10,3,16-09-2020
,15:53:25,25.44,93.59,31,2.7,16-09-2020
,05:04:04,27.74,85.82,10,5.3,16-09-2020
,23:30:58,25.38,95.06,155,3.7,15-09-2020
,11:39:57,20.05,72.9,5,2.7,15-09-2020
,10:08:14,31.68,93.73,120,4.2,15-09-2020
,04:08:16,39.58,74.69,10,3.9,15-09-2020
,23:56:57,39.62,73.88,10,4,14-09-2020
,22:25:01,36.55,71.75,145,3.9,14-09-2020
,16:16:28,19.96,72.86,5,2.9,14-09-2020
,10:29:00,34.02,64.92,130,4.8,14-09-2020
,06:38:58,32.39,76.39,10,2.5,14-09-2020
,23:58:55,4.41,96.8,140,4.8,13-09-2020
,20:40:47,15.8,96.39,80,4.3,13-09-2020
,21:38:02,17.28,73.71,5,2.5,12-09-2020
,21:12:36,27,92.14,10,2.9,12-09-2020
,23:39:10,24.65,96.06,5,3.6,11-09-2020
,22:42:38,35.77,69.5,329,3.9,11-09-2020
,22:19:41,19.89,62.95,276,3.5,11-09-2020
,12:42:55,39,92.18,10,5.3,11-09-2020
,09:15:55,27.21,87.92,10,4.2,11-09-2020
,07:35:39,37.4,72.29,171,3.9,11-09-2020
,07:06:01,19.99,72.83,5,3.6,11-09-2020
,06:20:30,33.33,75.62,5,2.9,11-09-2020
,05:45:48,20.02,72.67,10,2.5,11-09-2020
,05:04:36,19.94,72.7,10,2.2,11-09-2020
,03:57:50,19.95,72.76,10,3.5,11-09-2020
,03:53:24,19.98,72.77,10,2.6,11-09-2020
,03:45:12,19.94,72.79,10,2.6,11-09-2020
,03:43:34,19.99,72.7,10,2.8,11-09-2020
,03:29:20,19.84,72.41,10,3.5,11-09-2020
,02:08:30,27.76,87.8,10,3.5,11-09-2020
,01:53:33,33.03,73.63,10,4.3,11-09-2020
,22:24:57,23.99,94.81,114,3.8,10-09-2020
,20:24:41,37.34,72.07,190,3.8,10-09-2020
,11:36:18,33.02,73.63,10,3.6,10-09-2020
,06:37:21,37.93,72.78,10,3.6,10-09-2020
,04:50:14,28.12,89.95,10,3.1,10-09-2020
,02:19:43,27.39,88.81,10,2.8,10-09-2020
,21:46:52,36.75,72.27,10,4.6,09-09-2020
,16:24:10,37.19,72.02,10,4,09-09-2020
,04:17:31,20.05,72.9,10,3.2,09-09-2020
,01:18:13,20.08,72.85,5,2.3,09-09-2020
,20:05:33,20.01,72.89,10,2.6,08-09-2020
,10:15:54,20.01,72.8,5,2.5,08-09-2020
,09:50:42,20.01,72.8,10,3.8,08-09-2020
,05:47:28,38.07,73.99,90,4.4,08-09-2020
,03:20:08,10.46,92.03,20,4.2,08-09-2020
,03:07:49,13.22,93.18,20,4,08-09-2020
,00:01:05,20,72.82,1.8,3.1,08-09-2020
,23:06:05,26.44,93.42,32,3.1,07-09-2020
,17:04:53,1.87,90.92,46,4.7,07-09-2020
,11:58:25,26.47,95.85,10,4.3,07-09-2020
,08:07:19,19.99,72.8,5,3.5,07-09-2020
,07:30:05,27.83,92.24,10,3.4,06-09-2020
,06:38:55,9.88,94.01,82,4.3,06-09-2020
,04:58:17,19.99,72.88,5,2,06-09-2020
,06:36:31,19.96,72.83,5,2.7,05-09-2020
,00:05:12,19.99,72.88,5,3.6,05-09-2020
,23:41:54,19.98,72.85,5,3.6,04-09-2020
,21:05:44,25.68,90.29,10,2.4,04-09-2020
,10:33:14,19.9,72.83,10,2.8,04-09-2020
,01:54:45,24.5,94.49,32,2.4,04-09-2020
,14:09:48,23.16,70.25,5,3.3,02-09-2020
,22:08:51,31.89,93.56,150,3.8,01-09-2020
,17:23:05,3.63,96.03,10,4.7,01-09-2020
,15:47:00,19.96,72.81,5,2.5,01-09-2020
,08:26:49,36.37,71,170,4.3,01-09-2020
,07:36:52,26.37,96.67,190,3.4,01-09-2020
,02:39:33,24.88,95.03,130,5.1,01-09-2020
,21:27:03,25.22,94.42,50,3.7,31-08-2020
,19:13:29,35.31,81.05,230,4.3,31-08-2020
,20:25:59,28.09,88.14,65,3.8,30-08-2020
,18:42:51,34.34,68.23,150,4.6,30-08-2020
,17:32:53,36.19,69.55,427,3.7,30-08-2020
,16:20:14,36.87,76.23,330,3.9,30-08-2020
,15:15:41,35.84,71.35,210,4.3,30-08-2020
,11:15:03,34.37,70.1,40,4.3,30-08-2020
,01:03:30,25.92,94.61,21,2.5,30-08-2020
,08:29:20,36.9,72.23,10,4.5,29-08-2020
,00:44:45,23.27,93.24,10,3.7,29-08-2020
,20:59:27,19.95,72.82,5,2.6,28-08-2020
,13:28:50,33.27,72.53,10,4.4,28-08-2020
,06:27:19,23,93.27,5,3.3,28-08-2020
,02:55:11,27.51,92.8,5,2.5,28-08-2020
,01:02:46,27.93,92.03,5,3.4,28-08-2020
,22:13:24,27.13,92.48,10,3.4,27-08-2020
,18:47:23,23.17,93.21,25,4.1,27-08-2020
,18:16:10,23.16,93.18,25,3.6,27-08-2020
,17:37:18,23.16,93.2,30,5.3,27-08-2020
,01:52:11,36.19,72.05,250,4,27-08-2020
,13:30:42,36.39,71.36,190,5.1,26-08-2020
,07:54:02,23.79,88.36,10,4.1,26-08-2020
,06:18:49,35.663,82.446,10,4.6,26-08-2020
,20:54:38,29.44,80.84,10,3.8,25-08-2020
,18:18:08,30.61,78.89,10,3.4,25-08-2020
,18:36:08,25.63,96.44,90,4,24-08-2020
,03:36:12,27.7,96.79,120,3.7,24-08-2020
,22:37:46,30.42,87.46,20,4.4,23-08-2020
,22:07:42,23.25,70.6,30,4.1,23-08-2020
,19:29:27,19.9,72.71,5,2.7,23-08-2020
,18:54:37,20.07,72.71,5,2.5,23-08-2020
,18:48:14,26.241,95.44,102,4.4,23-08-2020
,18:47:15,19.96,72.78,5,3.1,23-08-2020
,17:23:22,20.15,72.83,5,3,23-08-2020
,11:39:46,19.92,72.79,10,2.8,23-08-2020
,09:04:28,36.46,70.59,10,4.5,23-08-2020
,08:32:21,37.9,72.48,10,3.6,23-08-2020
,04:26:44,22.98,94.02,98,3.7,23-08-2020
,12:43:24,36.79,69.73,70,4,22-08-2020
,12:41:05,27.82,94.19,10,3.5,22-08-2020
,06:52:33,39.61,74.48,10,4.1,22-08-2020
,04:54:19,39.339,71.93,10,4,22-08-2020
,12:07:34,24.79,87.81,10,4.3,21-08-2020
,16:33:55,24.22,94.35,70,3.5,20-08-2020
,10:58:23,36.72,71.09,195,3.6,20-08-2020
,02:23:03,9.66,93.11,10,4.7,20-08-2020
,20:38:56,32.19,96.39,50,4.2,19-08-2020
,05:08:55,34.23,81.12,240,4.1,19-08-2020
,16:43:08,36.87,71.44,65,4.3,18-08-2020
,14:54:59,20.14,72.96,5,2.2,18-08-2020
,03:03:37,30.48,87.08,140,3.9,18-08-2020
,22:02:02,30.082,94.598,128,4.3,17-08-2020
,16:53:45,33,86.82,90,4.7,17-08-2020
,02:59:38,26.67,92.79,40,2.6,17-08-2020
,23:00:52,24.57,94.7,35,2.8,16-08-2020
,22:10:34,30.89,95.47,10,4.5,16-08-2020
,19:09:08,28.07,66.33,140,4.5,16-08-2020
,03:28:22,39.68,73.91,165,4.5,16-08-2020
,12:55:04,36.8,71.29,250,3.9,15-08-2020
,10:22:44,17.35,73.69,5,2.9,15-08-2020
,00:36:11,36.15,71.32,90,3.3,15-08-2020
,21:17:11,36.67,70.29,212,3.6,14-08-2020
,21:13:50,29.73,94.66,165,3.7,14-08-2020
,18:28:52,29.66,94.2,195,4.1,14-08-2020
,14:26:25,25.24,65.37,10,4.3,14-08-2020
,09:05:12,36.79,70.72,10,3.1,14-08-2020
,08:36:12,37.35,72.17,10,4,14-08-2020
,06:38:10,23.12,93.24,10,4,14-08-2020
,01:48:31,25.87,93.27,14,2.5,14-08-2020
,23:37:16,38.57,69.747,10,4.9,13-08-2020
,10:53:03,30.41,94.54,10,4.2,13-08-2020
,09:57:59,30.43,94.73,10,4.3,13-08-2020
,06:03:02,39.23,95.28,10,4.5,13-08-2020
,04:39:11,28.16,67.02,10,4.5,13-08-2020
,04:10:53,28.12,66.49,30,5.4,13-08-2020
,21:28:01,30.37,95.79,178,4.6,12-08-2020
,19:37:34,37.29,71.92,160,4.3,12-08-2020
,18:38:53,39.04,74.73,10,4,12-08-2020
,16:01:24,25.22,94.28,30,3,12-08-2020
,04:18:40,29.66,95.73,183,3.5,12-08-2020
,03:14:12,20.87,94.86,80,4,12-08-2020
,02:57:40,29.56,94.93,35,3.7,12-08-2020
,23:44:16,30.46,94.83,30,4.8,11-08-2020
,19:27:50,24.11,93.8,15,4,11-08-2020
,19:29:38,36.7,70.18,190,3.6,10-08-2020
,09:47:36,19.92,72.81,3,2.9,10-08-2020
,01:53:05,31,80.12,10,3.9,10-08-2020
,00:04:42,36.632,70.146,248,3.6,10-08-2020
,23:05:28,39.845,77.225,10,4.1,09-08-2020
,22:43:34,30.299,94.709,10,4.4,09-08-2020
,14:20:22,29.65,94.49,200,4.1,09-08-2020
,12:09:25,36.88,70.94,200,3.5,09-08-2020
,06:49:03,27.37,88.85,10,3.8,09-08-2020
,23:50:48,36.37,68.96,90,4,08-08-2020
,16:48:37,28.16,77.24,5,2.1,08-08-2020
,14:14:08,30.1,94.56,10,4.3,08-08-2020
,07:10:02,19.18,84.11,16,3.8,08-08-2020
,05:26:15,26.6,92.59,10,3.5,08-08-2020
,23:06:20,24.61,94.89,81,3.8,07-08-2020
,19:55:18,36.5,70.66,85,3.6,07-08-2020
,00:44:28,27.65,75.76,26,3.1,07-08-2020
,13:22:44,36.07,71.35,200,3.5,06-08-2020
,11:57:16,36.26,69.1,70,4.2,06-08-2020
,09:46:54,27.24,92.08,20,3,06-08-2020
,05:04:53,39.93,70.27,130,3.6,06-08-2020
,01:50:55,28.807,76.719,5,2.9,06-08-2020
,18:02:02,38.83,71,10,3.9,05-08-2020
,16:49:00,31.47,90.22,140,4.2,05-08-2020
,13:08:22,36.58,70.87,150,3.8,05-08-2020
,04:07:00,26.75,97.38,253,4,05-08-2020
,23:29:17,36.02,69.16,10,4.8,04-08-2020
,08:29:53,32.88,86.7,10,4.2,04-08-2020
,05:52:17,24.36,93.59,30,3.5,04-08-2020
,17:19:50,21.44,72.81,5,3,03-08-2020
,16:54:17,36.72,70.53,35,3.4,03-08-2020
,14:03:08,36.2,71.07,10,3.1,02-08-2020
,06:10:06,37.01,72.03,80,3.3,02-08-2020
,05:17:48,39.77,77.3,10,4.8,02-08-2020
,00:18:57,37.475,72.094,184,4.1,02-08-2020
,22:44:13,36.69,70.17,178,2.8,01-08-2020
,12:01:42,35.38,69.39,10,4.4,01-08-2020
,11:03:57,34.57,82.23,10,4.2,01-08-2020
,08:17:02,34.44,81.77,10,4.1,01-08-2020
,05:41:03,36.98,71.45,80,4,01-08-2020
,04:49:26,36.52,71.08,30,3.3,01-08-2020
,00:28:58,29.91,94.45,20,4,01-08-2020
,18:43:44,36.59,70.9,130,3.5,31-07-2020
,16:50:16,32.94,86.72,10,4.5,31-07-2020
,08:21:24,37.62,70.78,65,3.6,31-07-2020
,00:08:46,30.01,94.56,10,4.3,31-07-2020
,22:52:32,36.43,70.09,10,3.1,30-07-2020
,21:22:55,30.13,95.08,10,3.9,30-07-2020
,19:05:45,30.041,95.095,10,4.3,30-07-2020
,02:50:42,31.28,74.57,11,3.1,30-07-2020
,02:24:33,28.25,88.06,147,4.3,30-07-2020
,22:58:03,29.91,94.64,145,4.3,29-07-2020
,22:54:09,32.67,69.8,86,4.1,29-07-2020
,16:37:19,29.72,95.15,153.1,4.4,29-07-2020
,14:40:45,36.28,71.08,10,3.6,29-07-2020
,11:38:08,25.99,94.96,16,3.6,29-07-2020
,05:59:52,25.58,94.19,5,2.8,29-07-2020
,01:19:45,19.964,72.843,6,2.8,29-07-2020
,23:06:13,36.7,70.16,176,3.1,28-07-2020
,20:08:52,23.22,93.26,10,4.4,28-07-2020
,15:37:34,36.47,70.9,10,3.9,28-07-2020
,15:11:04,36.75,71.21,10,4.8,28-07-2020
,09:02:55,30.21,94.65,154,4.8,28-07-2020
,01:04:15,24.56,94.55,60,3,28-07-2020
,13:41:21,32.592,76.346,10,3.1,27-07-2020
,11:20:26,30.08,94.56,30,4.6,27-07-2020
,10:59:44,32.574,67.136,10,5.4,27-07-2020
,06:48:33,25.09,95.04,10,4.1,27-07-2020
,03:31:25,0.73,98.71,10,4.9,27-07-2020
,23:39:36,30.69,95.73,10,3.8,26-07-2020
,21:01:04,33.38,93,10,4.2,26-07-2020
,17:13:53,36.01,71.163,85,4.2,26-07-2020
,21:28:55,29.2,94.29,160,4.2,25-07-2020
,11:44:43,37.66,75.82,10,3.9,25-07-2020
,05:52:00,23.03,94.38,95,4,25-07-2020
,19:04:30,30.25,94.78,10,4.5,24-07-2020
,16:07:36,28.12,65.16,10,5,24-07-2020
,11:16:00,23.27,93.53,10,3.8,24-07-2020
,11:08:13,26.18,93.04,25,3.5,24-07-2020
,06:02:18,29.14,77.18,10,3,24-07-2020
,05:11:19,33.05,75.89,5,3,24-07-2020
,00:26:42,19.96,72.83,5,3.1,24-07-2020
,22:16:11,37.49,68.06,30,4,23-07-2020
,19:18:11,37.34,69.38,40,3.2,23-07-2020
,18:32:53,36.66,71.36,150,4.2,23-07-2020
,16:20:17,32.82,86.68,200,4.6,23-07-2020
,11:36:30,38.48,69.35,10,3.2,23-07-2020
,10:31:33,38.59,69.86,30,3.4,23-07-2020
,08:08:06,36.18,71.2,10,3.8,23-07-2020
,06:17:31,30.21,96.81,10,4.6,23-07-2020
,03:58:34,33.1,86.73,10,4.5,23-07-2020
,02:51:59,24.69,95.04,10,3.8,23-07-2020
,02:20:47,34.6,71.51,10,4.2,23-07-2020
,01:37:25,33,86.8,10,6.2,23-07-2020
,01:02:07,36.58,70.53,10,3.9,23-07-2020
,22:43:49,39.09,69.29,10,2.9,22-07-2020
,18:33:08,32.302,76.629,3,2.9,22-07-2020
,17:22:21,32.301,76.629,5,2.7,22-07-2020
,14:25:08,36.513,70.819,192,4.2,22-07-2020
,11:49:30,33.85,72.28,180,4.1,22-07-2020
,02:02:01,36.53,71.14,196,3.9,22-07-2020
,01:08:45,36.47,70.95,18,3.8,22-07-2020
,11:48:54,30.29,94.8,46,4.5,21-07-2020
,04:22:58,12.76,95.44,10,4.2,21-07-2020
,00:51:43,30.33,94.75,35,4.6,21-07-2020
,23:55:29,37.42,72.12,204,4.7,20-07-2020
,22:02:29,33.01,75.87,5,3.5,20-07-2020
,13:33:50,36.23,69.38,198,4.2,20-07-2020
,10:32:10,31.13,70.22,30,4.4,20-07-2020
,06:06:54,30,93.75,10,4,20-07-2020
,05:06:43,30.28,94.72,32,4.4,20-07-2020
,03:51:28,36.48,70.7,230,4.3,20-07-2020
,03:39:38,23.24,93.29,20,3.2,20-07-2020
,02:30:47,24.98,94.63,10,3.5,20-07-2020
,21:33:59,17.36,73.92,10,3.5,19-07-2020
,15:45:50,30.43,94.86,35,4.8,19-07-2020
,11:53:04,35.94,77.21,40,4.1,19-07-2020
,10:26:14,21.33,95.3,30,3.7,19-07-2020
,05:28:13,36.41,70.27,10,3.8,19-07-2020
,05:03:59,37.33,71.62,10,4.2,19-07-2020
,02:44:50,35.41,70.67,10,4.5,19-07-2020
,02:06:55,29.9,95.19,10,3.1,19-07-2020
,01:36:49,37.29,74.76,10,3.9,19-07-2020
,00:24:30,37.39,74.64,10,4.3,19-07-2020
,00:08:21,21.81,97.21,10,4.4,19-07-2020
,23:57:59,36.99,71.37,90,3.6,18-07-2020
,20:31:36,23.31,93.48,10,3.5,18-07-2020
,18:15:49,37.28,71.95,130,4.3,18-07-2020
,04:25:41,24.74,92.6,63,4,18-07-2020
,02:21:21,36.69,71.33,190,4.7,18-07-2020
,00:03:00,11.77,95.17,10,5.7,18-07-2020
,23:15:28,11.48,95.42,10,4.5,17-07-2020
,22:35:35,23.19,93.27,80,3.7,17-07-2020
,22:03:58,23.29,93.35,78,5.1,17-07-2020
,20:12:52,8.87,95.49,185,5,17-07-2020
,19:33:42,11.91,95.14,10,5.6,17-07-2020
,18:59:04,11.47,95.12,62.3,5.1,17-07-2020
,15:56:42,23.17,93.22,10,4.2,17-07-2020
,15:31:01,35.39,69.42,150,4.6,17-07-2020
,11:07:36,11.85,95.65,10,4.5,17-07-2020
,10:31:14,11.73,95.02,10,4.8,17-07-2020
,04:55:36,32.99,75.88,5,3.9,17-07-2020
